group,num_classes,classes,severity,delta_P-AUC,delta_PRO,delta_AP,delta_Loc,setting,host,preset,summary
Low,2,"bracket_brown,connector",0.13349289782345294,0.7922291132281822,0.3670692443847656,-3.2029971697624537,-1.417963962688844,FA MVTec→MPDD,FAPrompt,mvtec2mpdd,neurips2026/results/faprompt_branchcal_vitl14_336_f6-12-18-24_dpam20_mvtec2mpdd_rank4_a02_officialimg_seed0_20260428/summary.json
Mid,2,"bracket_black,tubes",0.16826392151415348,2.265263315759719,6.046208739280701,15.247051563909471,10.646630151595085,FA MVTec→MPDD,FAPrompt,mvtec2mpdd,neurips2026/results/faprompt_branchcal_vitl14_336_f6-12-18-24_dpam20_mvtec2mpdd_rank4_a02_officialimg_seed0_20260428/summary.json
High,2,"bracket_white,metal_plate",0.31843801953662665,2.6382084135538717,8.764660358428955,11.121199896704251,9.942930127566603,FA MVTec→MPDD,FAPrompt,mvtec2mpdd,neurips2026/results/faprompt_branchcal_vitl14_336_f6-12-18-24_dpam20_mvtec2mpdd_rank4_a02_officialimg_seed0_20260428/summary.json
Low,1,01,0.06808599865152723,5.938024688171916,5.059957504272461,23.467317632311197,14.263637568291829,FA MVTec→BTAD,FAPrompt,mvtec2btad,neurips2026/results/faprompt_branchcal_vitl14_336_f6-12-18-24_dpam20_mvtec2btad_rank4_a02_officialimg_seed0_20260428/summary.json
Mid,1,02,0.12782515080705767,3.5270672276437653,14.853781461715698,24.66082087927376,19.757301170494728,FA MVTec→BTAD,FAPrompt,mvtec2btad,neurips2026/results/faprompt_branchcal_vitl14_336_f6-12-18-24_dpam20_mvtec2btad_rank4_a02_officialimg_seed0_20260428/summary.json
High,1,03,0.21942558328552944,3.94777477973709,11.966550350189209,22.276113096679882,17.121331723434544,FA MVTec→BTAD,FAPrompt,mvtec2btad,neurips2026/results/faprompt_branchcal_vitl14_336_f6-12-18-24_dpam20_mvtec2btad_rank4_a02_officialimg_seed0_20260428/summary.json
Low,1,02,8.694465100967547e-06,-0.8769989013671875,5.723094195127487,-1.4865696430206299,2.1182622760534286,Ada MVTec→BTAD,AdaCLIP,mvtec2btad,neurips2026/results/maintable_adaclip_vitl336_mvtec2btad_seed0_20260429/summary.json
Mid,1,01,1.9153014905203324e-05,0.5235373973846436,5.598901957273483,1.3706296682357788,3.484765812754631,Ada MVTec→BTAD,AdaCLIP,mvtec2btad,neurips2026/results/maintable_adaclip_vitl336_mvtec2btad_seed0_20260429/summary.json
High,1,03,0.020246592535131197,-0.18769502639770508,13.28502893447876,-3.861856460571289,4.711586236953735,Ada MVTec→BTAD,AdaCLIP,mvtec2btad,neurips2026/results/maintable_adaclip_vitl336_mvtec2btad_seed0_20260429/summary.json
